,username
linddaaal,1
JJHutts,1
biancansd,1
cake,1
SaveInsectsA,1
bluetrees14,1
jossjaffe,1
Vorisskan,1
SkoczSteven,1
GadflyQuebec,1
HomelessQuatchi,1
SansariMed,1
dlomore,1
Brandi56501624,1
fdtruks,1
RichardKing633,1
infrahumano,1
FredBoness,1
BeysBaeee,1
davidennis2,1
PAC_Ski53,1
jmcloutier,1
winzylamb,1
LeonardoZ,1
Shel988,1
UnderhillS13,1
dwatchnews_mena,1
DFisman,1
OhforFarkssake,1
wcbs880,1
DonnerHeidi,1
kieldaho,1
DiPettaSonia,1
KWCoachTerry,1
monsieurmean,1
Maura2e2_,1
anna_dobie,1
M_3927,1
sforseth000,1
DoyleLeilani,1
coppercanyonfun,1
clwilander,1
JGouldNS,1
voilamsgraham,1
beisan,1
Tayzlor,1
frontline_RN,1
