,url
No URL,17
https://t.co/JuAgPhFm8N,10
https://t.co/CvmmKERpnp,2
https://t.co/FltTUZC2VS,1
https://t.co/TmCKPlHj07,1
https://t.co/FcVqQ53Bnp,1
https://t.co/F7a5tmlWWX,1
https://t.co/B7ZXcVoAvW,1
https://t.co/X0JmU9DfbE,1
https://t.co/FT6DLtRVze,1
https://t.co/OECwkrFRxV,1
https://t.co/KfjFJPZYeu,1
https://t.co/bsbCWpNddE,1
https://t.co/Dn0XZ2io6Y,1
https://t.co/SJ9qjyKs8P,1
https://t.co/MgMHBp2etq,1
https://t.co/sMehV3QReG,1
https://t.co/l1xX5MO4oD,1
https://t.co/2tD1XDbah1,1
https://t.co/l4yXI5VLoJ,1
https://t.co/MnSGZDG3m5,1
